{"Logistic Regression": 0.9837416481069042, "Naive Bayes": 0.9244988864142539, "SVM": 0.9932071269487751, "Random Forest": 0.9964365256124722}